Country/Other,Cases in the last 7 days,Cases in the preceding 7 days,Weekly Case % Change,Cases in the last 7 days/1M pop,Deaths in the last 7 days,Deaths in the preceding 7 days,Weekly Death % Change,Deaths in the last 7 days/1M pop,Population
Australia,171147,158852,8.0,6584,270,252,7,10,25994332
Cook Islands,107,6,1683.0,6083,0,0,0,0,17591
Fiji,95,289,-67.0,105,1,9,-89,1,907303
French Polynesia,2842,4867,-42.0,10020,4,1,300,14,283622
Kiribati,81,81,0.0,661,0,2,-100,0,122511
New Caledonia,3826,9122,-58.0,13189,3,12,-75,10,290085
New Zealand,136440,42371,222.0,27277,7,3,133,1,5002100
Palau,118,263,-55.0,6470,0,1,-100,0,18238
Papua New Guinea,383,1458,-74.0,41,0,10,-100,0,9230141
Solomon Islands,1127,1129,-0.2,1576,22,16,38,31,715012
Tonga,469,121,288.0,4355,0,0,0,0,107697
Vanuatu,0,7,-100.0,0,0,0,0,0,319131
